,identif,idelem
0,17018,4350
1,32028,3596
2,32053,4583
3,32054,7024
4,33001,4585
5,60021,5468
6,60027,5473
7,60056,3448
8,44004,5910
9,61067,5578
10,61125,5582
11,63064,7020
12,97044,4264
13,97096,7002
14,41025,5835
15,41027,5837
16,45003,5949
17,PM10942,6673
18,PM12342,6813
19,47030,6091
20,47043,6102
21,53042,6168
22,55014,6234
23,98027,3577
24,05023,3578
25,32005,4546
26,55060,6270
27,57011,6342
28,59018,6372
29,64028,3431
30,65014,6430
31,75405,6579
32,75410,6953
33,82414,3772
34,25015,3830
35,25034,4799
36,36006,6635
37,38029,3571
38,10016,3617
39,80302,6834
40,13052,3466
41,15001,7113
42,19013,4414
43,33041,3592
44,33021,4604
45,14RM32PM01,1026
46,10004,4052
47,PM30901,3600
48,13301,4171
49,63044,5731
50,95002,5010
51,22003,4456
52,10NC18PM01,6893
53,89010,5382
54,31003,4497
55,19XC40PM01,7123
56,38048,6824
57,PM20411,6725
58,PM31452,6779
59,14006,4204
60,23008,6979
61,07013,3999
62,97302,5781
63,84046,9900
64,47004,6065
65,82403,5222
66,32036,4570
67,29016,9928
68,95009,5004
69,65017,6497
70,86038,5159
71,94026,10017
72,43018,5429
73,60018,5465
74,61113,5617
75,62052,5666
76,63039,5726
77,90020,4699
78,97073,3505
79,41029,5838
80,41056,9840
81,42009,5877
82,45047,5991
83,55403,6273
84,PM10712,3488
85,PM11071,6679
86,46413,6058
87,47023,6084
88,52410,6132
89,53019,6149
90,55006,6226
91,PM20321,6722
92,68002,6484
93,71036,6535
94,71037,6536
95,75406,6580
96,78006,6596
97,78009,3794
98,82008,5208
99,38017,4936
100,39060,5000
101,50017,5083
102,06043,4014
103,58003,5134
104,58012,5145
105,16060,4329
106,21001,4426
107,23013,3397
108,87024,5356
109,34035,4645
110,PM43152,6808
111,PM22901,6771
112,09019,4035
113,10010,4058
114,13038,4180
115,16062,4331
116,53409,6187
117,19004,4406
118,61108,5612
119,01015,7033
120,06019,3497
121,60046,5492
122,86017,5321
123,90EL00PM01,6880
124,90ET43PM01,6889
125,14NL78PM01,6866
126,04012,3918
127,PM41351,3704
128,33037,4620
129,14001,4199
130,86003,5306
131,86011,5314
132,97050,4270
133,43032,5443
134,90019,4698
135,93030,9913
136,62077,5687
137,32058,9918
138,87028,9936
139,29009,9931
140,44403,5944
141,95011,5005
142,16055,4326
143,73010,9995
144,42033,5897
145,42034,5898
146,62029,5645
147,93017,4734
148,97053,7057
149,97088,7104
150,97095,4154
151,53408,6186
152,41021,5831
153,42006,5874
154,44011,5917
155,45026,5972
156,45040,5985
157,45402,5995
158,PM12122,7125
159,47011,6072
160,47037,3831
161,54003,6195
162,55003,6223
163,37030,4909
164,PM33202,6788
165,57405,6351
166,59401,6387
167,65011,3804
168,71008,6510
169,24042,4772
170,25039,4804
171,36001,3835
172,37009,4896
173,39012,4966
174,39033,4981
175,48018,5015
176,48092,3553
177,50002,5063
178,50004,5065
179,50016,5079
180,50029,3573
181,06305,3988
182,09001,4018
183,80002,5150
184,80006,3771
185,80010,5156
186,17045,4376
187,85026,5303
188,30002,4479
189,34011,4629
190,07012,3998
191,PM30902,3838
192,PM20834,6745
193,PM20913,6751
194,19007,4409
195,11RE20PM01,6895
196,08RE66PM01,6907
197,31045,3733
198,90EL38PM01,6882
199,96024,5085
200,PM41452,6793
201,PM41852,6795
202,PM22081,3533
203,64024,6409
204,17004,4340
205,87003,5338
206,13051,3465
207,31018,7114
208,60058,5501
209,43011,5422
210,15015,4255
211,61082,5590
212,16004,7101
213,48003,4774
214,87030,9943
215,29017,10011
216,05708,10018
217,17009,3747
218,31014,4507
219,61009,5523
220,61017,5531
221,61019,5533
222,61048,5560
223,61075,5585
224,61122,5619
225,97091,4132
226,97092,4133
227,40402,7116
228,44041,5939
229,46015,6023
230,46027,6034
231,55002,6222
232,55409,6279
233,66001,3557
234,67009,6114
235,78004,6595
236,79003,6603
237,82029,5235
238,82401,5200
239,83405,6507
240,26016,4825
241,28018,4872
242,28038,4887
243,36015,5219
244,39058,3445
245,49029,3685
246,51013,5110
247,04011,3917
248,13017,4165
249,13003,3759
250,85002,5276
251,33022,4605
252,35034,4671
253,11031,4102
254,98038,4894
255,PM43011,6802
256,47019,6080
257,84032,5267
258,18017,3619
259,33012,4596
260,33010,4594
261,62038,5653
262,13NC25PM01,6872
263,11011,4084
264,09006,4022
265,13034,4177
266,18301,4397
267,93022,9887
268,84022,5257
269,65005,6423
270,97016,9914
271,29019,9933
272,48008,4781
273,65027,3810
274,16029,4303
275,32048,4578
276,40029,5808
277,61004,5518
278,42035,5899
279,42402,3713
280,62082,5692
281,97078,3516
282,97108,7076
283,40031,5810
284,41051,5859
285,PM10501,3818
286,47008,6069
287,47033,6094
288,53041,6167
289,54008,6200
290,55036,3658
291,55062,6924
292,57408,6354
293,66003,6469
294,73402,6542
295,75010,6568
296,75022,6954
297,79015,6612
298,88006,5362
299,26017,4826
300,26023,4830
301,26031,4838
302,28033,4882
303,38009,4930
304,38034,4952
305,02063,3906
306,13022,4168
307,10028,4072
308,84014,5249
309,84016,5250
310,16037,4309
311,21003,4428
312,21006,4431
313,22302,4467
314,31052,4530
315,02012,3867
316,33036,4619
317,79011,6608
318,31035,4520
319,12004,4112
320,13700,7136
321,PM207741,6742
322,PM20952,6752
323,94017,5398
324,53401,6179
325,08RE14PM01,1048
326,10XC82PM01,6892
327,01020,3854
328,09032,4046
329,96023,5087
330,13NL60PM01,1020
331,PM40754,3828
332,17309,4378
333,14011,4209
334,93035,9899
335,93024,9906
336,93037,9975
337,68010,9982
338,55402,6272
339,65025,6499
340,17013,4346
341,60026,5472
342,60064,5507
343,61045,5557
344,42029,5895
345,42018,5886
346,61088,5595
347,61124,6981
348,63024,5711
349,93011,4728
350,41020,5830
351,PM31851,6938
352,55037,6251
353,57017,6346
354,57019,9839
355,59022,3786
356,59024,6377
357,64005,6392
358,65004,6422
359,65023,6437
360,67008,6113
361,67012,6117
362,75409,6581
363,79022,3458
364,82405,5224
365,27006,4842
366,27030,4847
367,36012,4880
368,02042,3886
369,50030,3574
370,06037,3977
371,06306,3989
372,13013,4161
373,16053,4324
374,84039,9848
375,85012,5286
376,19018,4418
377,19019,7068
378,14RN27PM01,7120
379,PM20832,6744
380,02022,3874
381,79036,9869
382,90002,3418
383,04018,3924
384,62016,5631
385,PM10211,6646
386,PM22241,6768
387,04006,3912
388,PM32051,6781
389,87001,5336
390,08002,4003
391,29011,9907
392,29014,9908
393,29017,9927
394,67035,9946
395,43020,5431
396,60025,5471
397,61025,5538
398,61032,5544
399,61050,3642
400,44001,5907
401,61089,5596
402,61110,5614
403,62067,5679
404,63018,5705
405,90037,4711
406,40010,5792
407,41403,5864
408,46037,6043
409,47403,6106
410,55038,6252
411,71006,3679
412,82415,5210
413,38012,4933
414,39010,4964
415,39011,4965
416,39018,3420
417,39059,3446
418,49025,5056
419,02029,3564
420,06301,3984
421,06014,3959
422,14014,4210
423,14030,4229
424,84006,5298
425,84009,5241
426,17034,4365
427,20008,4424
428,01005,3844
429,34014,4632
430,35016,3503
431,35018,4655
432,60401,7082
433,15RR60PM01,1031
434,PM30472,6819
435,15306,4276
436,PM21193,6762
437,21029,3673
438,05TL00PM02,6905
439,59011,6365
440,33005,4589
441,32040,4572
442,90EL16PM01,6881
443,62073,5683
444,05008,3936
445,98004,5028
446,18RC06PM01,6833
447,PM22341,3836
448,16XC70PM01,6844
449,11001,4078
450,31020,4511
451,02044,3891
452,29302,5413
453,95005,5002
454,95010,5018
455,48005,3517
456,79013,9874
457,75402,6576
458,87032,9986
459,73006,6547
460,32047,4577
461,60020,5467
462,61071,6980
463,62032,5648
464,62070,7111
465,62079,5689
466,63010,5698
467,92007,7097
468,40016,5796
469,41004,5814
470,41052,5860
471,44009,5915
472,44032,5930
473,PM10754,6667
474,PM10985,6678
475,46035,6041
476,98023,5165
477,05019,3798
478,PM20261,6720
479,55028,6245
480,59009,6363
481,64006,6393
482,70001,6495
483,71401,6537
484,74001,6548
485,74005,6552
486,76007,3789
487,78008,6598
488,79016,3457
489,24008,4745
490,25030,4796
491,26019,4828
492,26027,4834
493,38028,4947
494,39014,4968
495,39020,4973
496,48016,5013
497,48093,5030
498,06028,3968
499,09004,3753
500,12041,4147
501,11017,4088
502,13004,3523
503,80012,5157
504,80013,5158
505,80028,5171
506,14033,4233
507,15013,4253
508,13042,4184
509,16301,4333
510,17040,4371
511,16045,4316
512,21014,4436
513,98028,5167
514,31058,4536
515,30022,4491
516,34012,4630
517,43004,5417
518,35028,4665
519,14RE35PM01,1030
520,07010,3612
521,94021,5402
522,17020,4352
523,96040,3628
524,22006,4459
525,18RU04PM01,1045
526,87012,5347
527,97056,4136
528,45408,6001
529,01019,3853
530,42408,5905
531,90025,9972
532,02069,9979
533,38051,9985
534,71039,6504
535,60066,5508
536,61092,5599
537,63006,3583
538,63025,5712
539,63028,5715
540,92003,5757
541,40024,5804
542,45037,5982
543,PM12781,3801
544,PM13104,6710
545,65041,6452
546,46036,6042
547,46407,6052
548,47035,6096
549,53011,6142
550,54027,6930
551,31050,4529
552,37031,4910
553,37035,4913
554,55054,6265
555,55055,6266
556,56040,6320
557,56043,6323
558,64010,6397
559,64012,6399
560,65033,6444
561,67023,6463
562,70014,6504
563,73002,6960
564,73003,6961
565,24028,4761
566,24030,4763
567,25024,4790
568,26026,4833
569,39025,4978
570,03003,9842
571,51029,5127
572,81013,5193
573,85007,5281
574,85008,5282
575,30009,3675
576,33030,4613
577,14VE04PM01,1027
578,41044,5852
579,35009,3526
580,04TL40PM01,6900
581,01018,3562
582,93006,4723
583,32024,3824
584,97306,7072
585,98002,5026
586,71005,3710
587,04005,3461
588,97112,7023
589,87011,5346
590,11018,4089
591,86018,5322
592,86029,5330
593,13055,4195
594,84047,9901
595,16049,4320
596,17043,7066
597,50013,3655
598,20007,10023
599,17019,4351
600,61056,5567
601,61057,5568
602,42019,5887
603,61073,5584
604,61121,7092
605,62018,5633
606,62031,5647
607,90009,4694
608,97102,4126
609,PM10242,6649
610,PM12622,6817
611,PM12641,6699
612,46028,6035
613,55056,6267
614,55406,6276
615,59028,6382
616,59029,6383
617,71004,3709
618,71030,6529
619,73001,6959
620,79034,9867
621,82013,5212
622,88007,5363
623,88013,5369
624,89001,5373
625,24010,4747
626,24037,4767
627,25041,4806
628,28005,4859
629,28023,4877
630,36013,5204
631,39036,4984
632,02030,3878
633,09005,4021
634,04010,3916
635,04016,3922
636,13016,4164
637,13023,4169
638,10020,3610
639,15021,4258
640,85018,5292
641,23004,4470
642,34009,4627
643,35045,3442
644,43007,3677
645,10009,4057
646,64030,6413
647,13039,4181
648,PM20912,6750
649,94008,3590
650,33016,4599
651,05FT37PM01,1002
652,09NC51PM01,1052
653,19XC80PM01,7122
654,84024,5259
655,96042,5109
656,96044,5099
657,62053,5667
658,96020,5071
659,96021,3550
660,34019,4637
661,PM31892,6950
662,40021,5801
663,96043,9847
664,02045,3892
665,91012,5754
666,25010,4780
667,95029,5029
668,57022,10001
669,83403,6505
670,87036,9990
671,30034,5116
672,47041,9857
673,16017,4295
674,61026,3518
675,61070,5581
676,61074,3580
677,61123,7086
678,62040,5655
679,62080,5690
680,62083,5693
681,63033,5720
682,90010,4695
683,90021,4700
684,90034,4708
685,97003,5763
686,97087,7105
687,41040,3428
688,41058,6946
689,42012,5880
690,46014,6022
691,PM10948,7124
692,PM13011,6704
693,47025,6086
694,53018,6148
695,05015,3943
696,56031,6311
697,56039,6319
698,59013,6367
699,59017,6371
700,74009,6555
701,82007,5207
702,84033,5268
703,25042,4807
704,26022,3803
705,27002,4840
706,27029,4846
707,28042,3626
708,49020,5052
709,02056,3900
710,04001,3909
711,13011,3654
712,80014,5159
713,84010,5242
714,34008,3474
715,PM30471,3536
716,22007,4460
717,65037,6448
718,34022,3400
719,14NL24PM01,6868
720,62008,5624
721,94023,6811
722,34020,3398
723,14008,4206
724,62059,5673
725,80030,5173
726,02019,3871
727,93012,4729
728,62050,5664
729,74016,9956
730,30402,7102
731,16014,4292
732,61035,5547
733,62020,5635
734,62060,5674
735,63051,5738
736,63063,3511
737,92006,5760
738,97070,4488
739,97086,7106
740,40014,5795
741,41037,5846
742,45027,5973
743,46022,6029
744,PM13181,6711
745,46406,6051
746,47003,6064
747,47020,6081
748,53005,6137
749,53411,6189
750,54402,6220
751,98022,5179
752,32008,4550
753,05014,3942
754,32001,4542
755,55407,6277
756,57009,6340
757,57016,6345
758,64004,6391
759,64008,6395
760,66015,6481
761,70009,3760
762,70012,6502
763,74004,6551
764,50033,5094
765,79033,9866
766,82413,5209
767,24014,4751
768,24021,4755
769,24039,4769
770,26013,4823
771,28034,4883
772,37001,4892
773,49018,5051
774,50006,5067
775,51005,5102
776,13028,3691
777,12016,4123
778,17033,4364
779,85005,5279
780,35049,4681
781,02048,5072
782,35026,4663
783,35031,4668
784,35011,4652
785,09016,4032
786,11021,4092
787,12009,4116
788,95024,5008
789,11RE59PM02,6886
790,30027,7073
791,06020,3434
792,35036,3415
793,16NC75PM01,6845
794,PM20661,6734
795,81005,5185
796,PM33032,6784
797,16304,4336
798,34026,4640
799,10031,4075
800,PM22391,3558
801,61100,5606
802,86028,3750
803,97004,5764
804,42004,5872
805,77403,6586
806,47045,10009
807,73007,9998
808,16008,4286
809,16011,4289
810,16021,4298
811,60006,5453
812,42024,5892
813,62013,5628
814,62021,5636
815,63062,7021
816,97022,5773
817,97038,4260
818,97059,4134
819,97061,3436
820,97094,4130
821,97097,4153
822,40028,5807
823,41015,5825
824,42003,5871
825,45014,5960
826,46003,6011
827,PM10502,3819
828,PM12851,6914
829,PM20026,3822
830,47410,6110
831,32002,4543
832,65013,6429
833,71013,6514
834,71014,6515
835,71027,6526
836,71402,6538
837,75007,6565
838,75404,6578
839,78010,6599
840,79039,9872
841,82404,5216
842,24026,4759
843,25014,4783
844,27027,7001
845,38038,3405
846,39022,4975
847,49019,3684
848,02032,3601
849,50009,5070
850,06030,3970
851,05001,3606
852,06025,3965
853,13010,3683
854,81015,5195
855,81019,7008
856,84035,5270
857,85013,5287
858,18308,4402
859,85025,5302
860,35030,4667
861,35043,4677
862,15RE04PM01,6857
863,46004,6012
864,11007,4083
865,11027,4098
866,95004,3410
867,95022,5032
868,PM43001,6801
869,02035,3881
870,18015,4390
871,19003,4405
872,22001,4454
873,11RE59PM01,6887
874,02054,3898
875,90ET93PM01,6884
876,14NC58PM01,7117
877,PM41302,3703
878,45028,5974
879,14003,4201
880,87014,5349
881,62051,5665
882,60053,5497
883,12015,4122
884,42002,5870
885,84044,9898
886,44404,5945
887,43035,10031
888,22010,4463
889,43003,5416
890,61037,5549
891,97041,4262
892,97412,4152
893,41010,5820
894,41402,5863
895,45043,5988
896,47002,6063
897,53030,3648
898,53044,6170
899,66004,6470
900,67026,6985
901,75019,6574
902,75407,3787
903,89002,5374
904,24009,4746
905,24019,4753
906,25008,4778
907,26012,4822
908,51021,5120
909,12040,4146
910,13030,3719
911,12036,4142
912,80011,3636
913,80015,5160
914,14025,4221
915,14027,4226
916,84017,5251
917,85015,5289
918,21010,4433
919,22301,4466
920,85024,5301
921,31049,3734
922,32032,4568
923,08006,5081
924,PM21185,6759
925,11023,4094
926,33006,4590
927,96022,5088
928,43016,5427
929,PM33031,6783
930,14007,4205
931,17007,3745
932,09030,4044
933,32003,4544
934,86027,5329
935,75005,6563
936,23003,3717
937,77402,6585
938,95030,5016
939,64016,6502
940,17012,4345
941,61046,5558
942,42021,5889
943,42025,5893
944,63030,5717
945,63042,5729
946,90042,4716
947,44015,5921
948,45017,5963
949,55065,6999
950,PM11161,6683
951,PM12921,6702
952,PM20002,6712
953,46032,6038
954,53014,6145
955,54002,6194
956,54016,3782
957,55013,6233
958,55017,6237
959,37032,4911
960,29012,5410
961,55048,6260
962,55413,6283
963,56406,6330
964,59033,6385
965,68004,6486
966,74007,3681
967,74010,3806
968,76001,6962
969,76006,6966
970,82028,5644
971,82411,5202
972,25028,4794
973,27005,3624
974,36005,6634
975,39032,4980
976,04003,3911
977,50005,5066
978,80004,5151
979,80009,5155
980,13057,4197
981,84001,5236
982,84030,5265
983,85003,5277
984,21007,4432
985,31036,4521
986,31048,3639
987,31056,4534
988,31060,3595
989,32030,4566
990,33401,7142
991,14RL11PM01,6867
992,15RM08PM01,6848
993,PM22971,3494
994,41405,5866
995,13719,7137
996,17006,4342
997,18309,5130
998,98036,5177
999,18XC82PM01,1018
1000,10007,4055
1001,13033,4176
1002,87010,5345
1003,86008,5311
1004,53037,6165
1005,86036,5157
1006,30011,4304
1007,61079,3581
1008,63032,5719
1009,93007,6912
1010,97012,5769
1011,PM13211,7130
1012,46403,6048
1013,47407,6108
1014,53001,6133
1015,53024,6154
1016,53035,6163
1017,53052,6178
1018,54024,6212
1019,PM31881,6942
1020,38001,4922
1021,55046,6258
1022,57001,6332
1023,57018,9838
1024,59032,6384
1025,68005,6487
1026,69001,6491
1027,71018,6519
1028,79026,6619
1029,79031,6624
1030,79045,6592
1031,24002,4739
1032,24005,4742
1033,24025,4758
1034,26030,4837
1035,28007,4861
1036,39038,4985
1037,39042,4989
1038,49028,5059
1039,06029,3969
1040,09008,4024
1041,05005,3933
1042,12044,4150
1043,80007,5153
1044,14039,3669
1045,17023,4355
1046,16038,4310
1047,23005,4471
1048,29006,5409
1049,98014,4903
1050,34006,4625
1051,43008,5420
1052,43014,5425
1053,43015,5426
1054,35041,4675
1055,14RN01PM01,1023
1056,15RC05PM01,1032
1057,04019,3925
1058,PM43201,6809
1059,07009,3997
1060,PM30752,3495
1061,PM20972,6754
1062,94007,5389
1063,PM42353,6800
1064,05TL00PM03,6906
1065,09009,4025
1066,18XC46PM01,1013
1067,17RC01PM01,1041
1068,96045,5100
1069,74011,6556
1070,17002,4338
1071,17039,4370
1072,16043,4314
1073,97072,4702
1074,91015,9897
1075,29022,9920
1076,29020,9934
1077,30016,4323
1078,16027,4302
1079,32042,4574
1080,32043,4575
1081,60013,5460
1082,61093,3773
1083,63009,5697
1084,97026,5776
1085,40013,5794
1086,41022,5832
1087,44022,3644
1088,45007,5953
1089,45008,5954
1090,45021,5967
1091,56010,6292
1092,PM10001,6639
1093,PM10612,3800
1094,PM12721,6700
1095,47031,6092
1096,55018,3508
1097,55023,6240
1098,55040,6254
1099,56019,6301
1100,57004,6335
1101,57406,6352
1102,67020,6453
1103,79025,3796
1104,79050,6594
1105,25004,4775
1106,36014,4881
1107,38040,4957
1108,06013,3757
1109,58009,5140
1110,13027,4173
1111,10013,4061
1112,15016,4256
1113,16066,7102
1114,16042,4313
1115,16050,4321
1116,17035,4366
1117,29003,5406
1118,33018,4601
1119,35033,4670
1120,PM23073,6774
1121,11002,4079
1122,11032,4103
1123,56020,9846
1124,14021,4217
1125,PM21148,6757
1126,PM21301,6765
1127,02027,3724
1128,18305,4400
1129,03FL08PM02,1046
1130,13046,3585
1131,14026,4222
1132,30013,3470
1133,31043,4527
1134,PM10141,6644
1135,PM22392,3559
1136,36022,4866
1137,57407,6353
1138,31046,9960
1139,97093,9959
1140,75401,6957
1141,02067,9981
1142,30036,4328
1143,16015,4293
1144,43029,5440
1145,60011,5458
1146,61042,5554
1147,92002,5756
1148,93009,4726
1149,97027,5777
1150,97404,4137
1151,41014,5824
1152,41019,5829
1153,44029,5927
1154,45012,5958
1155,45020,5966
1156,46007,6015
1157,47005,6066
1158,47039,6099
1159,53403,6181
1160,76003,6583
1161,31031,5143
1162,55057,6268
1163,56006,3660
1164,57404,6350
1165,64025,6410
1166,71012,6513
1167,79032,6625
1168,25006,4776
1169,25022,4788
1170,28040,4889
1171,36016,5217
1172,36021,4865
1173,37011,4898
1174,37038,4916
1175,39007,4961
1176,39037,3527
1177,49026,5057
1178,51007,5106
1179,51008,5107
1180,04017,3923
1181,12039,4145
1182,13014,4162
1183,11012,4085
1184,80037,5178
1185,17036,4367
1186,21019,4441
1187,31029,3440
1188,35051,4682
1189,43009,3485
1190,PM20911,6749
1191,04007,3913
1192,97079,4704
1193,09025,4039
1194,10032,4076
1195,PM21231,6763
1196,95019,5022
1197,PM41892,6951
1198,18303,4399
1199,29004,5407
1200,21025,4447
1201,03FT08PM01,1044
1202,04TL40PM03,6901
1203,23033,4477
1204,90ET09PM01,6888
1205,18RA66PM01,1012
1206,18002,4380
1207,96002,5084
1208,17031,3565
1209,86034,5335
1210,15004,4244
1211,31007,4500
1212,06044,9892
1213,21011,4434
1214,82407,5223
1215,95012,3702
1216,87029,9939
1217,41059,9856
1218,68010,9983
1219,47511,9984
1220,45404,5997
1221,73009,9997
1222,30032,4326
1223,32046,3738
1224,60029,5475
1225,61023,5536
1226,61078,3744
1227,61101,5607
1228,61109,5613
1229,61115,7093
1230,61701,3452
1231,62009,3834
1232,62039,5654
1233,93008,4725
1234,45024,5970
1235,45401,5994
1236,PM12241,6693
1237,PM13202,6818
1238,53025,6155
1239,PM31852,6939
1240,31068,4541
1241,55027,6244
1242,65006,6424
1243,66007,6473
1244,69004,6494
1245,71035,6534
1246,78402,6600
1247,26002,4809
1248,26014,3569
1249,37015,4902
1250,38021,4940
1251,38032,4950
1252,38044,4959
1253,48005,5005
1254,48017,5014
1255,49027,5058
1256,02043,3887
1257,51011,3629
1258,51014,5111
1259,04015,3921
1260,04023,3604
1261,06008,4224
1262,06041,3981
1263,15009,4249
1264,17027,4359
1265,84023,5258
1266,07014,4000
1267,09018,4034
1268,09024,7038
1269,13045,4187
1270,22002,4455
1271,32015,4556
1272,12007,4114
1273,97048,4268
1274,96037,3634
1275,18NC80PM01,1017
1276,66011,6477
1277,64015,6402
1278,17NC65PM01,6840
1279,96001,3742
1280,10037,7053
1281,18018,4392
1282,88401,9864
1283,48015,5012
1284,10012,4060
1285,19010,4412
1286,93024,9905
1287,44405,5946
1288,75009,6567
1289,41408,5869
1290,16010,4288
1291,16025,4300
1292,61061,5572
1293,63008,5696
1294,97018,6983
1295,97305,4279
1296,40012,5793
1297,42005,5873
1298,45031,5976
1299,PM10981,6676
1300,PM13044,6707
1301,47021,6082
1302,53020,6150
1303,53045,6171
1304,53407,6185
1305,54009,6201
1306,54014,6204
1307,54015,6205
1308,54023,6211
1309,55011,6231
1310,55022,6239
1311,PM33222,7128
1312,05011,3939
1313,59012,6366
1314,65020,6435
1315,65022,6436
1316,79012,6609
1317,79021,6617
1318,83001,5231
1319,25009,4779
1320,36023,4857
1321,38026,4945
1322,02038,3882
1323,02039,3883
1324,02303,3890
1325,07006,3608
1326,10015,3462
1327,14024,4220
1328,81009,5189
1329,84038,9849
1330,84042,9852
1331,31051,3735
1332,30024,4493
1333,02013,4191
1334,32034,3588
1335,35046,4679
1336,35013,4654
1337,44402,3528
1338,07003,3994
1339,11034,5097
1340,21026,4448
1341,03FL56PM01,1010
1342,10XC18PM01,6894
1343,35021,4658
1344,13037,3692
1345,02002,3857
1346,87022,5354
1347,93029,9903
1348,06003,9894
1349,06011,9893
1350,95032,5014
1351,42407,5904
1352,73407,3813
1353,77406,6589
1354,17016,3621
1355,43025,5436
1356,61010,5524
1357,61016,5530
1358,61063,5574
1359,61090,5597
1360,62033,5649
1361,62076,5686
1362,62078,5688
1363,63036,5723
1364,90007,4692
1365,90033,4707
1366,97023,3498
1367,97036,3413
1368,46020,6027
1369,PM10901,3816
1370,PM20152,6716
1371,46408,6053
1372,53008,6139
1373,53034,6162
1374,53051,6177
1375,98024,5174
1376,98026,3640
1377,56026,6306
1378,56027,6307
1379,57007,6338
1380,57010,6341
1381,65052,6459
1382,79017,6613
1383,82016,5215
1384,83004,5233
1385,24012,4749
1386,25012,4782
1387,38023,4942
1388,38024,4943
1389,49007,5040
1390,05004,3932
1391,58011,5144
1392,13018,4166
1393,14029,4228
1394,31066,3708
1395,14RR28PM01,1022
1396,05006,3934
1397,07007,3996
1398,42016,5884
1399,10005,4053
1400,15305,4275
1401,15308,7091
1402,18012,4389
1403,08RL21PM01,6897
1404,PM10241,6648
1405,31042,4526
1406,84025,5260
1407,18NC52PM01,1016
1408,04004,3460
1409,16NC07PM01,6847
1410,PM20441,6727
1411,01030,3852
1412,86005,5308
1413,34001,4623
1414,92005,5759
1415,97035,3412
1416,56002,3659
1417,38046,7007
1418,65021,3812
1419,30018,3651
1420,57024,9969
1421,67036,9927
1422,94009,10015
1423,43028,5439
1424,60012,5459
1425,60019,5466
1426,42406,5903
1427,61091,5598
1428,62064,5676
1429,63037,5724
1430,97062,4140
1431,53003,6135
1432,40011,3754
1433,40022,5802
1434,41055,5841
1435,42007,5875
1436,42015,5883
1437,44016,3593
1438,44039,5937
1439,46008,6016
1440,46018,3791
1441,53032,6161
1442,54005,6197
1443,54032,6922
1444,55007,6227
1445,PM40442,3538
1446,38004,4925
1447,29301,5412
1448,56008,6291
1449,66008,6474
1450,71016,6517
1451,71032,6531
1452,75015,6572
1453,75017,6575
1454,83006,9837
1455,24003,4740
1456,24022,4756
1457,25021,4787
1458,25040,4805
1459,37013,4900
1460,38037,4955
1461,39024,4977
1462,06300,3983
1463,06015,3960
1464,13001,4155
1465,81011,5191
1466,17028,4360
1467,01006,3845
1468,35002,4649
1469,20007,4423
1470,02010,3865
1471,34005,3741
1472,34015,4633
1473,14RH25PM01,1029
1474,PM22851,3560
1475,08008,4008
1476,12003,4111
1477,21023,4445
1478,18304,7067
1479,01011,3850
1480,PM20322,6723
1481,PM40751,6790
1482,61020,5534
1483,90ET58PM01,6883
1484,90044,4718
1485,62025,5640
1486,06034,3974
1487,86021,5324
1488,15012,4252
1489,16059,4328
1490,14005,4203
1491,03008,9895
1492,60060,5503
1493,93031,9912
1494,98015,4904
1495,67044,9949
1496,97093,7084
1497,64405,6419
1498,65001,6495
1499,16026,4301
1500,17010,4343
1501,17021,4353
1502,31024,4513
1503,43022,5433
1504,60004,5451
1505,60068,5680
1506,60103,5450
1507,61058,5569
1508,61094,5600
1509,61107,5611
1510,62048,3668
1511,63004,3427
1512,93001,3678
1513,93026,4738
1514,40009,5791
1515,40027,3774
1516,41030,5839
1517,42014,5882
1518,44401,5943
1519,45023,5969
1520,PM10862,3492
1521,PM12331,6694
1522,64031,6414
1523,47409,3778
1524,53039,6166
1525,54011,6203
1526,PM33201,6787
1527,55414,6284
1528,65036,6447
1529,71003,6508
1530,82408,5221
1531,82410,5225
1532,26008,4818
1533,26011,4821
1534,27034,4851
1535,38010,4931
1536,39050,4996
1537,48002,5002
1538,04022,3928
1539,06302,3985
1540,51018,5115
1541,51030,5128
1542,10029,4073
1543,81008,5188
1544,16046,4317
1545,84031,5266
1546,84037,5272
1547,85011,5285
1548,23006,3468
1549,21008,3748
1550,01001,3840
1551,02011,3866
1552,33027,4610
1553,04008,3914
1554,PM21081,6756
1555,87026,7108
1556,02021,3873
1557,02058,5080
1558,03FL08PM01,1047
1559,09XC37PM01,1049
1560,86002,5305
1561,60054,5498
1562,86030,5331
1563,88005,5361
1564,27300,7000
1565,75023,7110
1566,96013,5091
1567,17014,4347
1568,32023,4562
1569,61060,5571
1570,29008,9932
1571,95008,5012
1572,74015,9958
1573,66019,6501
1574,65026,6498
1575,93038,9974
1576,73405,6545
1577,16018,4296
1578,16023,4299
1579,61036,5548
1580,61064,5575
1581,63048,5735
1582,90003,4688
1583,90041,4715
1584,91004,5746
1585,97001,5761
1586,41038,5847
1587,44021,5925
1588,45004,5950
1589,45011,5957
1590,PM107231,3489
1591,47016,6077
1592,47044,6103
1593,52013,6124
1594,53004,6136
1595,54031,6218
1596,98025,5168
1597,56012,6294
1598,57403,6349
1599,65024,6438
1600,65051,3833
1601,70020,9855
1602,79027,6620
1603,79037,9871
1604,79049,6593
1605,89004,5376
1606,24029,4762
1607,38047,6828
1608,48006,3702
1609,49033,5246
1610,50023,5089
1611,08016,5082
1612,06009,4225
1613,17037,4368
1614,84040,9850
1615,29005,5408
1616,87023,5355
1617,01014,3851
1618,34025,4639
1619,34034,4644
1620,33028,4611
1621,35024,4661
1622,35027,4664
1623,14RC10PM01,1028
1624,PM23111,6775
1625,08014,7037
1626,09036,4038
1627,PM42052,6797
1628,04FL92PM01,3545
1629,05FT10PM01,1001
1630,06018,3961
1631,98008,4918
1632,PM20664,6736
1633,PM22121,6766
1634,64001,6388
1635,60039,5485
1636,PM31882,6941
1637,35054,4685
1638,29015,9926
1639,67043,6908
1640,22014,9967
1641,41407,5868
1642,73005,3680
1643,16022,3672
1644,32050,4580
1645,32302,3554
1646,43038,5449
1647,60001,3421
1648,60007,5454
1649,60055,5499
1650,61002,5516
1651,61038,5550
1652,47405,3430
1653,97028,3411
1654,97039,4261
1655,97080,4706
1656,97090,7096
1657,97407,7100
1658,97597,7070
1659,42013,5881
1660,44025,3775
1661,45036,5981
1662,47014,6075
1663,53021,6151
1664,53033,3649
1665,53414,6192
1666,54013,3696
1667,06005,3953
1668,55051,6263
1669,59020,6374
1670,59027,6381
1671,65058,6462
1672,68003,6485
1673,70011,6501
1674,75016,6573
1675,89003,5375
1676,24031,4764
1677,25029,4795
1678,26001,4808
1679,26021,3802
1680,27007,6825
1681,28003,4858
1682,28022,4876
1683,36010,4878
1684,38042,7005
1685,39055,3682
1686,06716,7132
1687,51022,5121
1688,12038,4144
1689,13005,4156
1690,15008,4248
1691,15003,3671
1692,16056,4327
1693,17030,4362
1694,34029,4641
1695,02016,4192
1696,35053,4684
1697,06021,3435
1698,PM43222,7129
1699,PM43223,7015
1700,PM23011,6772
1701,11020,4091
1702,11036,3582
1703,PM31264,6777
1704,17022,4354
1705,95003,5001
1706,33017,4600
1707,91009,5751
1708,56401,6325
1709,31002,4496
1710,32021,4560
1711,86024,5327
1712,12NC63PM01,6875
1713,PM207731,6741
1714,66013,6479
1715,05009,3937
1716,87019,5350
1717,56005,6289
1718,07001,3992
1719,09002,4019
1720,06017,9890
1721,90023,9969
1722,16006,4284
1723,43024,5435
1724,60028,5474
1725,60079,3449
1726,42409,5906
1727,61081,5589
1728,90014,3475
1729,97037,4259
1730,40002,5784
1731,41002,5813
1732,41009,5819
1733,PM10982,6677
1734,PM11101,6680
1735,PM12571,6698
1736,46412,6057
1737,47036,6097
1738,06004,3952
1739,32009,4551
1740,79043,9877
1741,PM20262,6721
1742,59010,6364
1743,67402,6127
1744,27038,4855
1745,28013,4867
1746,38019,4938
1747,39013,4967
1748,39015,4969
1749,48003,5003
1750,49002,5036
1751,02057,3901
1752,03004,3949
1753,06304,3987
1754,51024,3481
1755,12037,4143
1756,11030,4101
1757,12018,4125
1758,80001,5149
1759,14019,4215
1760,15006,4246
1761,16047,4318
1762,85016,5290
1763,85019,5293
1764,19009,4411
1765,20009,4425
1766,21015,4437
1767,21022,4444
1768,31038,4523
1769,33040,3591
1770,33402,7141
1771,34017,4635
1772,35008,3525
1773,09034,4048
1774,94022,5403
1775,94001,5385
1776,94002,5386
1777,PM42051,6796
1778,29300,5411
1779,04TL40PM04,6903
1780,32013,4555
1781,13XL49PM01,1019
1782,18NC52PM02,1015
1783,09020,4020
1784,PM10013,6640
1785,PM207541,6740
1786,18RM17PM01,1011
1787,59001,6355
1788,97304,4278
1789,61022,5535
1790,61097,5603
1791,63060,7018
1792,97065,4483
1793,40020,5800
1794,45034,5979
1795,PM13222,7014
1796,47006,6067
1797,47411,6111
1798,55035,6250
1799,56045,9844
1800,67021,6454
1801,70022,9874
1802,76012,9859
1803,79020,6616
1804,83007,9834
1805,24017,3568
1806,36002,6631
1807,38006,4927
1808,39019,4972
1809,39034,4982
1810,39053,3631
1811,49004,5037
1812,02301,3889
1813,08018,4017
1814,13006,4157
1815,17032,4363
1816,19016,4417
1817,20005,3694
1818,98016,4905
1819,31033,4518
1820,32033,4569
1821,35029,4666
1822,15RT07PM01,1036
1823,PM43151,6807
1824,09011,4027
1825,09017,4033
1826,09022,4036
1827,94020,5401
1828,84034,5269
1829,18XC11PM01,6838
1830,89008,5380
1831,17XC49PM01,6841
1832,09031,4045
1833,16303,4335
1834,35060,7061
1835,PM41451,3705
1836,18RT11PM01,1043
1837,11006,3727
1838,16XC14PM01,6846
1839,18020,4393
1840,88010,5366
1841,07015,4001
1842,11008,3728
1843,PM22471,6769
1844,31021,3472
1845,61013,5527
1846,42001,3643
1847,79052,6826
1848,44011,10003
1849,30014,4321
1850,73008,9996
1851,60014,5461
1852,60015,5462
1853,61018,5532
1854,61052,5563
1855,61055,5566
1856,62010,5625
1857,62014,5629
1858,62028,5643
1859,63021,5708
1860,63026,5713
1861,63061,7069
1862,91011,5753
1863,93016,4733
1864,97031,5779
1865,97074,3506
1866,40005,5787
1867,40030,5809
1868,41018,5828
1869,45019,5965
1870,46001,6009
1871,46016,6024
1872,PM11981,6689
1873,46039,6044
1874,53006,3487
1875,53022,6152
1876,54007,6199
1877,55016,6236
1878,PM33152,6786
1879,05021,3947
1880,55049,6261
1881,55052,6264
1882,57014,6344
1883,65003,6421
1884,65012,3805
1885,70006,3811
1886,70017,9856
1887,79042,9876
1888,89011,5383
1889,28041,3625
1890,36017,5218
1891,48020,5017
1892,06016,3720
1893,09012,4028
1894,12011,4118
1895,58015,5148
1896,81001,5182
1897,13058,4198
1898,84029,5264
1899,84301,5274
1900,19014,4415
1901,21009,3407
1902,29001,5404
1903,31032,4517
1904,33035,4618
1905,15NL09PM01,6858
1906,15NL71PM01,6850
1907,15RR41PM01,6864
1908,12005,3729
1909,60037,5483
1910,14734,7134
1911,65404,6467
1912,95027,5020
1913,22005,4458
1914,23009,4473
1915,79035,9868
1916,97049,4269
1917,88003,5359
1918,53412,6190
1919,71017,6518
1920,56028,6308
1921,PM40755,3826
1922,04025,3605
1923,60402,7080
1924,87008,5343
1925,62003,5622
1926,61118,3662
1927,95013,5035
1928,93024,0
1929,95037,5184
1930,10021,4065
1931,84045,9939
1932,66018,6500
1933,30030,4325
1934,17008,3746
1935,17015,4348
1936,31023,4512
1937,32051,4581
1938,43023,5434
1939,60030,5476
1940,90016,3477
1941,92004,5758
1942,97024,5774
1943,97029,3439
1944,97057,4141
1945,41008,5818
1946,41033,5842
1947,45029,3646
1948,45412,6005
1949,45502,6008
1950,46009,6017
1951,PM10945,6674
1952,47009,6070
1953,30001,4478
1954,56013,6295
1955,56016,6298
1956,57003,6334
1957,67003,6215
1958,68006,6488
1959,70018,9857
1960,79010,3520
1961,79048,6920
1962,25007,4777
1963,28037,4886
1964,49015,5048
1965,06307,3990
1966,06039,3979
1967,06040,3980
1968,15011,4251
1969,17026,4358
1970,16034,4306
1971,17306,7064
1972,85004,5278
1973,01302,7011
1974,32035,3589
1975,33032,4615
1976,43012,5423
1977,43027,5438
1978,35014,3501
1979,42404,5901
1980,08007,4007
1981,88002,5358
1982,09026,4040
1983,PM30753,3561
1984,13040,4182
1985,PM20851,6746
1986,02014,3868
1987,02026,3563
1988,18007,4385
1989,08RR02PM01,1050
1990,11XC46PM01,6879
1991,31004,3524
1992,31044,4528
1993,32027,4564
1994,PM20327,6724
1995,17XC08PM01,6843
1996,PM10091,6642
1997,61102,5608
1998,97019,6982
1999,62042,5658
2000,36004,6633
2001,35022,4659
2002,07008,3579
2003,17044,4375
2004,31015,4508
2005,62086,5657
2006,91013,9925
2007,45409,6002
2008,29007,9930
2009,95035,5030
2010,56003,6287
2011,22013,9964
2012,43005,5418
2013,60404,7085
2014,61027,5539
2015,61031,5543
2016,61069,5580
2017,46019,6026
2018,90015,3476
2019,91010,5752
2020,93015,4732
2021,97010,5767
2022,97052,7087
2023,42011,5879
2024,45033,5978
2025,PM10861,3491
2026,47404,6107
2027,53043,6169
2028,55015,6235
2029,98020,5166
2030,05024,4223
2031,31057,4535
2032,55034,6249
2033,57006,6337
2034,59031,3793
2035,65038,6449
2036,74002,6549
2037,74003,6550
2038,25002,3479
2039,25005,3517
2040,25026,4792
2041,27003,4841
2042,36019,4863
2043,38003,4924
2044,39040,4987
2045,48033,5029
2046,03006,3721
2047,04002,3910
2048,51015,5112
2049,12045,4151
2050,85006,5280
2051,85010,5284
2052,85021,5295
2053,20003,4421
2054,21005,4430
2055,30008,4482
2056,31037,4522
2057,30023,4492
2058,04021,3927
2059,14002,4200
2060,94015,5396
2061,94003,5387
2062,95028,5009
2063,PM43012,6803
2064,03FL20PM01,6836
2065,86023,5326
2066,02047,3894
2067,63016,5704
2068,PM10401,6654
2069,09027,4041
2070,02036,3602
2071,PM20721,6737
2072,PM22082,6948
2073,64002,6389
2074,08004,4005
2075,55410,6280
2076,14041,4239
2077,42008,5876
2078,93027,9905
2079,95015,7009
2080,60032,5478
2081,61054,5565
2082,42028,5894
2083,62041,5656
2084,63007,3584
2085,63015,5703
2086,97068,4486
2087,41404,5865
2088,44036,5934
2089,PM10561,3820
2090,53026,6156
2091,54022,6210
2092,55024,6241
2093,55405,6275
2094,56034,6314
2095,56041,6321
2096,56405,6329
2097,64029,3529
2098,67401,6126
2099,70021,6969
2100,73403,6543
2101,75012,3788
2102,75014,6571
2103,79002,6602
2104,79019,6615
2105,24020,4754
2106,24032,4765
2107,25017,4784
2108,26009,4819
2109,28006,4860
2110,28015,4869
2111,37002,4893
2112,37033,6831
2113,49031,5060
2114,06032,3972
2115,06038,3978
2116,06303,3986
2117,51017,5114
2118,80027,5170
2119,35020,4657
2120,PM20854,7126
2121,35012,4653
2122,PM21941,3532
2123,08010,4010
2124,11039,4108
2125,11005,4082
2126,45016,5962
2127,PM31301,7127
2128,53415,6193
2129,56035,6315
2130,11022,4093
2131,13XC26PM01,6873
2132,18013,3807
2133,43001,5414
2134,44035,5933
2135,PM41262,3762
2136,28043,3627
2137,33011,4595
2138,11009,3614
2139,55412,6282
2140,34021,3399
2141,93036,9900
2142,59026,6379
2143,PM20662,6735
2144,62037,5652
2145,65401,6464
2146,70410,6547
2147,07016,10013
2148,60022,5469
2149,44005,5911
2150,61077,5587
2151,61117,5621
2152,62027,5642
2153,62055,5669
2154,62081,5691
2155,63003,3426
2156,63052,5739
2157,63058,3456
2158,91006,5748
2159,97077,3515
2160,97101,4129
2161,41024,5834
2162,44026,3776
2163,44042,5940
2164,45035,5980
2165,45038,5983
2166,45042,5987
2167,46005,6013
2168,PM104841,3817
2169,65040,6451
2170,46416,6061
2171,47015,6076
2172,47028,6089
2173,47408,6109
2174,53015,6146
2175,53029,6159
2176,77404,6587
2177,79047,3699
2178,05018,3946
2179,31008,4501
2180,66009,6475
2181,66016,6482
2182,68007,6489
2183,70005,3810
2184,70016,6826
2185,71010,6512
2186,79007,3432
2187,89302,6992
2188,50001,5255
2189,02033,3879
2190,02066,3908
2191,58006,5137
2192,13029,3718
2193,13031,4174
2194,10019,3609
2195,12014,4121
2196,15005,4245
2197,16031,4304
2198,16035,4307
2199,85020,5294
2200,31025,4514
2201,19001,4403
2202,34032,3689
2203,PM22721,3598
2204,11025,4096
2205,13007,4158
2206,15304,3765
2207,60052,5496
2208,88402,9863
2209,09013,4029
2210,PM104541,6660
2211,PM22211,6767
2212,83002,3482
2213,PM20442,6728
2214,17NC80PM01,6839
2215,14010,4208
2216,86006,5309
2217,50012,5076
2218,61041,5553
2219,84044,9941
2220,67041,9950
2221,48009,4807
2222,48010,4782
2223,77405,6588
2224,30015,4322
2225,67037,9921
2226,16016,4294
2227,60017,5464
2228,61068,5579
2229,62075,5685
2230,63056,3454
2231,90001,3417
2232,90040,4714
2233,93003,4720
2234,97089,7095
2235,41026,5836
2236,41032,6945
2237,41036,5845
2238,44024,5926
2239,45006,5952
2240,PM107642,3611
2241,PM12121,6691
2242,47026,6087
2243,53047,6173
2244,PM13221,7013
2245,05016,3944
2246,59014,6368
2247,64019,6404
2248,64021,6406
2249,65039,6450
2250,67018,6456
2251,67019,6457
2252,67024,6433
2253,67025,6984
2254,67031,6987
2255,70003,6497
2256,71007,6509
2257,71022,6521
2258,24004,4741
2259,26025,4832
2260,37024,4912
2261,38033,4951
2262,38300,6829
2263,49021,5053
2264,03002,9843
2265,50028,3687
2266,13050,4190
2267,16052,4323
2268,20004,3693
2269,31030,3514
2270,32041,4573
2271,33023,4606
2272,PM43031,6805
2273,07004,3995
2274,09015,4031
2275,12001,4110
2276,PM31451,6778
2277,PM20976,6755
2278,95018,5007
2279,95026,5024
2280,PM42352,6799
2281,98300,5181
2282,11NC43PM01,6878
2283,33004,4588
2284,33008,4592
2285,35058,7077
2286,09028,4042
2287,41017,5827
2288,83401,9836
2289,96039,5126
2290,32017,4557
2291,16039,4311
2292,32057,9919
2293,44031,5929
2294,79403,6628
2295,95007,4547
2296,32014,9881
2297,11010,3615
2298,48002,3479
2299,34026,10040
2300,43037,5448
2301,60005,5452
2302,60010,5457
2303,61005,5519
2304,61072,5583
2305,61120,5586
2306,62057,5671
2307,63011,5699
2308,63013,5701
2309,91005,5747
2310,97104,4049
2311,PM20001,3521
2312,46410,6055
2313,53406,6184
2314,17041,4372
2315,55032,3657
2316,56011,6293
2317,56032,6312
2318,59035,6967
2319,65057,6461
2320,67016,6123
2321,71031,6530
2322,79005,6605
2323,82025,5228
2324,24027,4760
2325,28036,4885
2326,36024,3570
2327,38045,4960
2328,39043,3406
2329,39044,4990
2330,49013,5046
2331,49014,5047
2332,51009,5108
2333,06026,3966
2334,51025,5123
2335,10026,4070
2336,15007,4247
2337,84012,5244
2338,23014,4475
2339,31064,3767
2340,30021,3512
2341,PM20852,6747
2342,15RA15PM01,6856
2343,98033,5164
2344,23032,4476
2345,33007,4591
2346,18RA28PM01,6835
2347,90039,4713
2348,PM20572,6733
2349,57021,6929
2350,17NC04PM01,6842
2351,PM31453,6822
2352,32022,4561
2353,88004,5360
2354,12XC63PM01,6874
2355,84045,9899
2356,93028,9904
2357,93033,9910
2358,95033,3553
2359,90038,4712
2360,87034,9987
2361,86035,3636
2362,98039,9992
2363,17011,4344
2364,61029,5541
2365,42020,5888
2366,61059,5570
2367,61106,5610
2368,63047,5734
2369,91007,5749
2370,97098,7003
2371,40001,5783
2372,40025,5805
2373,40032,7027
2374,46017,6025
2375,PM10342,6651
2376,PM10902,6670
2377,PM10907,6671
2378,PM20041,3823
2379,53049,6175
2380,55047,6259
2381,56007,6290
2382,56044,6324
2383,57002,6333
2384,67030,6988
2385,71011,3666
2386,73401,6541
2387,76013,6970
2388,26028,4835
2389,27020,4843
2390,38002,4923
2391,39046,4992
2392,39048,4994
2393,02028,3725
2394,02302,7035
2395,09007,4023
2396,58004,5135
2397,80008,5154
2398,14028,4227
2399,84021,5256
2400,16067,7103
2401,16051,4322
2402,85001,5275
2403,21021,4443
2404,31054,4532
2405,34031,4643
2406,35003,4650
2407,02005,3860
2408,88011,5367
2409,PM43022,3706
2410,11028,4099
2411,64014,6401
2412,14736,7135
2413,94014,6832
2414,04TL40PM02,6899
2415,08RR18PM01,6896
2416,31001,4495
2417,32020,3829
2418,32025,3825
2419,86014,5318
2420,PM10402,6655
2421,13047,3586
2422,08001,4002
2423,18019,3620
2424,PM10005,3797
2425,08011,4011
2426,61001,5515
2427,61040,5552
2428,95001,5011
2429,PM20473,6731
2430,32056,9916
2431,59021,6375
2432,17017,4349
2433,60002,7017
2434,60009,5456
2435,61066,5577
2436,63001,3424
2437,97085,7098
2438,44040,5938
2439,45025,5971
2440,46002,6010
2441,PM13103,6709
2442,47402,6105
2443,54021,6209
2444,55012,6232
2445,PM20412,6726
2446,56004,6288
2447,56009,9845
2448,59003,6357
2449,64018,6403
2450,67403,6128
2451,75008,6566
2452,89300,6993
2453,24018,4752
2454,25036,4801
2455,37010,4897
2456,38014,3404
2457,38050,9878
2458,39056,4998
2459,48014,4547
2460,02031,3726
2461,50007,5068
2462,09003,7109
2463,51026,5124
2464,10018,4064
2465,84043,9853
2466,85014,5288
2467,85023,5300
2468,31026,4515
2469,02008,3863
2470,33024,4607
2471,34018,4636
2472,43013,5424
2473,02051,3895
2474,90EL69PM01,6890
2475,35010,4651
2476,09023,4037
2477,96014,5092
2478,97014,5771
2479,19006,4408
2480,71403,6539
2481,60043,5489
2482,18NC20PM01,6827
2483,31041,4525
2484,79401,6626
2485,PM10142,6645
2486,96012,5090
2487,86001,5304
2488,86004,5307
2489,34016,4634
2490,53013,6144
2491,96700,3575
2492,15309,9938
2493,93027,9902
2494,44049,5917
2495,30017,4324
2496,16012,4290
2497,32029,4565
2498,62061,3751
2499,97006,5766
2500,97075,3507
2501,97409,7083
2502,40026,5806
2503,41039,5848
2504,PM10941,6672
2505,71023,6522
2506,32012,4554
2507,22004,4457
2508,55042,3784
2509,55415,6285
2510,64026,6411
2511,64403,6418
2512,65002,6420
2513,65010,6428
2514,65032,6443
2515,65034,6445
2516,71002,3665
2517,78007,6597
2518,79014,6611
2519,79028,6621
2520,83005,5234
2521,28019,4873
2522,28020,4874
2523,28039,4888
2524,39054,3632
2525,06308,3991
2526,05002,3930
2527,58013,5146
2528,14023,4219
2529,85017,5291
2530,21016,4438
2531,30010,3676
2532,34010,4628
2533,PM23221,6934
2534,07002,3993
2535,09035,7040
2536,16061,4330
2537,61080,5588
2538,94013,5394
2539,30006,4480
2540,21030,3674
2541,21034,7071
2542,21035,4464
2543,22008,4461
2544,05TL00PM01,6904
2545,23010,4474
2546,01012,7029
2547,32038,3736
2548,33009,4593
2549,86019,5317
2550,86020,5323
2551,47401,6104
2552,18003,4381
2553,30019,4489
2554,31040,4524
2555,PM41801,6794
2556,PM41802,6936
2557,PM20571,6732
2558,45414,6007
2559,10027,4071
2560,30005,3438
2561,34036,10041
2562,77409,3530
2563,18024,4402
2564,57013,9993
2565,16030,3731
2566,33003,4587
2567,43006,5419
2568,43017,5428
2569,61003,5517
2570,61044,5556
2571,42036,5900
2572,62023,5638
2573,62074,5684
2574,62100,7112
2575,90005,4690
2576,93025,4737
2577,44044,5942
2578,46025,6032
2579,PM10444,6659
2580,PM10661,6664
2581,47018,6079
2582,53016,6147
2583,54001,3752
2584,55030,6247
2585,55408,6278
2586,56023,6304
2587,25035,4800
2588,64033,9865
2589,67004,6216
2590,67015,6122
2591,70010,6500
2592,70015,6610
2593,74012,6557
2594,76011,9858
2595,82006,5206
2596,26007,4817
2597,26018,4827
2598,27001,4839
2599,28004,5203
2600,37008,4895
2601,03005,3951
2602,03007,3957
2603,13024,4170
2604,81012,5192
2605,84013,5248
2606,84019,5253
2607,23012,3396
2608,20002,4420
2609,22304,4469
2610,31061,3766
2611,34037,4647
2612,35035,3414
2613,PM43032,6806
2614,09021,3616
2615,11037,4106
2616,94011,5392
2617,94010,5391
2618,95014,5006
2619,55063,6926
2620,PM42351,6798
2621,92001,5755
2622,05FT66PM01,1003
2623,30028,7075
2624,31009,4502
2625,96041,5131
2626,PM10212,6647
2627,PM10021,6641
2628,18RL09PM01,1014
2629,05010,3938
2630,32016,3408
2631,86033,5334
2632,13053,3467
2633,32004,4545
2634,50014,5077
2635,87027,9935
2636,51014,5127
2637,95036,5017
2638,40401,5811
2639,71038,6503
2640,43002,5415
2641,60073,5513
2642,60088,3451
2643,62004,3663
2644,62066,5678
2645,63002,3425
2646,63005,5695
2647,97055,3522
2648,97405,4494
2649,41050,5858
2650,45010,5956
2651,45022,5968
2652,45411,6004
2653,PM20025,3821
2654,47010,6071
2655,47406,3777
2656,52408,6130
2657,54010,6202
2658,54025,6923
2659,55021,6238
2660,PM33221,6932
2661,55043,3785
2662,55059,6269
2663,56017,6299
2664,56042,6322
2665,59023,6376
2666,65035,6446
2667,67011,6116
2668,67407,6466
2669,68008,6490
2670,75018,6955
2671,76010,9862
2672,76014,9860
2673,78401,3700
2674,79006,6606
2675,79008,6607
2676,89301,6991
2677,24001,3409
2678,24040,4770
2679,26003,4810
2680,28032,5220
2681,28044,4890
2682,38011,4932
2683,38020,4939
2684,38035,4953
2685,39049,4995
2686,39052,3630
2687,49006,5039
2688,49009,5042
2689,49010,5043
2690,49012,5045
2691,49032,5245
2692,49034,5247
2693,02065,3907
2694,06035,3975
2695,06042,3982
2696,06012,3958
2697,51019,5118
2698,12010,4117
2699,58014,5147
2700,81002,5183
2701,84028,5263
2702,23001,3715
2703,98017,4907
2704,98019,3403
2705,01004,3843
2706,10036,7055
2707,PM21188,6760
2708,94006,5388
2709,98010,4919
2710,95021,5034
2711,04FL12PM01,3544
2712,67029,6989
2713,33015,4598
2714,13XC97PM01,6870
2715,90012,3444
2716,18RL29PM01,1042
2717,31011,4504
2718,18005,4383
2719,96003,5069
2720,02004,3859
2721,12042,4148
2722,18300,4396
2723,79402,6627
2724,22011,9965
2725,93014,4731
2726,44006,5912
2727,46404,6049
2728,62056,5670
2729,63012,5700
2730,63023,5710
2731,63043,5730
2732,97033,3499
2733,97045,4265
2734,41043,5851
2735,41046,5854
2736,41053,5861
2737,45013,5959
2738,PM10341,6650
2739,PM10832,3490
2740,PM11074,6820
2741,PM12471,6696
2742,PM20231,6717
2743,46034,6040
2744,46405,6050
2745,47017,6078
2746,47029,6090
2747,47038,6098
2748,55010,6230
2749,PM31801,6780
2750,67014,6121
2751,68001,6483
2752,71019,3711
2753,71025,6524
2754,71026,6525
2755,76009,9861
2756,88012,5368
2757,25038,4803
2758,26015,4824
2759,26024,4831
2760,27004,3623
2761,28014,4868
2762,38008,4929
2763,06031,3971
2764,58016,3769
2765,16002,4281
2766,16041,3732
2767,31053,4531
2768,31065,4540
2769,43036,5447
2770,94004,3483
2771,PM41882,6944
2772,18001,4379
2773,98034,5175
2774,59007,6361
2775,01009,3848
2776,30012,4484
2777,13032,4175
2778,90011,4696
2779,79038,9870
2780,PM20722,6738
2781,PM21307,3531
2782,61111,5615
2783,PM32352,3496
2784,61053,5564
2785,34013,4631
2786,43010,5421
2787,32055,9915
2788,87030,9944
2789,23016,9961
2790,34024,9968
2791,18009,4400
2792,30033,4327
2793,32049,4579
2794,60008,5455
2795,60033,5479
2796,60069,5510
2797,42022,5890
2798,61065,5576
2799,62024,5639
2800,62044,5660
2801,62072,5682
2802,90035,4709
2803,90045,3401
2804,97103,4050
2805,53404,6182
2806,46011,6019
2807,PM10611,3799
2808,46029,6036
2809,46033,6039
2810,47007,6068
2811,47024,6085
2812,47034,6095
2813,32010,4552
2814,05012,3940
2815,55045,6257
2816,59005,6359
2817,65015,6431
2818,66002,6468
2819,66005,6471
2820,82406,5227
2821,89012,5384
2822,24011,4748
2823,25025,4791
2824,03001,9841
2825,08015,4015
2826,04013,3919
2827,58005,5136
2828,81003,5184
2829,14013,5104
2830,81007,5187
2831,81016,5196
2832,84008,5240
2833,84011,5243
2834,17046,4377
2835,97411,4138
2836,10034,3764
2837,11026,4097
2838,13728,7139
2839,16007,4285
2840,PM21236,6764
2841,94012,5393
2842,94016,5397
2843,95023,5033
2844,PM43021,6804
2845,32039,3737
2846,66010,6476
2847,04FT14PM01,3542
2848,02046,3893
2849,71028,6527
2850,PM20472,6730
2851,18RN69PM01,6837
2852,53010,6141
2853,82412,5205
2854,PM32351,6782
2855,61011,5525
2856,13NC95PM01,6871
2857,13002,3758
2858,09037,9888
2859,29010,9929
2860,67033,9947
2861,48007,4776
2862,65028,3811
2863,02068,9980
2864,87033,9989
2865,16003,4282
2866,32044,4576
2867,60024,5470
2868,60070,5511
2869,61096,5602
2870,62045,5661
2871,63022,5709
2872,63027,5714
2873,90036,4710
2874,93018,4735
2875,97020,3513
2876,97046,4266
2877,97076,4703
2878,97107,4059
2879,41057,6947
2880,PM13014,6705
2881,47040,6100
2882,37012,4899
2883,06006,3954
2884,32011,4553
2885,55026,6243
2886,55058,6940
2887,57402,6348
2888,59004,6358
2889,64011,6398
2890,65008,6426
2891,65029,6440
2892,67002,6214
2893,67010,6115
2894,67017,6455
2895,82003,5201
2896,83003,5232
2897,89006,5378
2898,24038,4768
2899,26006,4813
2900,28021,4875
2901,49016,5049
2902,50027,5093
2903,11038,4107
2904,12012,4119
2905,14015,4211
2906,17042,4373
2907,98018,4908
2908,31062,4538
2909,30003,3437
2910,34033,3690
2911,PM23071,6773
2912,94009,5390
2913,02020,3872
2914,98012,4906
2915,09010,4026
2916,PM40461,6789
2917,PM31891,6949
2918,16514,7143
2919,18004,4382
2920,87021,5352
2921,61012,5526
2922,82402,5229
2923,15300,4271
2924,33025,4608
2925,50011,5075
2926,62035,5651
2927,73011,9999
2928,47046,10010
2929,60031,5477
2930,42023,5891
2931,61098,5604
2932,62043,5659
2933,62054,5668
2934,62085,7094
2935,63029,5716
2936,90006,4691
2937,91001,3402
2938,93013,4730
2939,97410,4127
2940,40004,5786
2941,41007,5817
2942,42010,5878
2943,44014,5920
2944,45005,5951
2945,45030,5975
2946,46023,6030
2947,46024,6031
2948,PM12061,6690
2949,PM12961,3510
2950,52006,6118
2951,53023,6153
2952,54004,6196
2953,54006,6198
2954,88009,5365
2955,55029,6246
2956,55031,3656
2957,59034,6386
2958,64013,6400
2959,67006,3808
2960,67406,6465
2961,69003,6493
2962,70004,6498
2963,71009,6511
2964,71029,6528
2965,78011,3795
2966,79046,6921
2967,89005,5377
2968,24015,3566
2969,25032,3556
2970,02059,3902
2971,05003,3931
2972,13012,4160
2973,13015,4163
2974,10022,4066
2975,11016,4087
2976,80300,5180
2977,14020,4216
2978,15010,4250
2979,13036,4179
2980,84002,5237
2981,16044,4315
2982,16065,4332
2983,85022,5296
2984,21017,4439
2985,21020,4442
2986,34007,4626
2987,08009,4009
2988,PM31263,3839
2989,14042,4240
2990,16001,4280
2991,17308,7065
2992,21032,4452
2993,60044,5490
2994,PM41851,6937
2995,PM40901,6791
2996,06036,3976
2997,02006,3861
2998,32301,3555
2999,50015,5078
3000,84046,9942
3001,67034,9945
3002,20010,9977
3003,30029,3650
3004,43034,5445
3005,61087,5594
3006,62011,5626
3007,63019,5706
3008,63053,5740
3009,63055,7115
3010,90004,4689
3011,93005,4722
3012,97043,4263
3013,53050,6176
3014,41042,5850
3015,44010,5916
3016,44027,3756
3017,45403,5996
3018,PM10343,6652
3019,PM12502,6697
3020,47001,6062
3021,53009,6140
3022,05020,3697
3023,06002,3950
3024,32006,4548
3025,56001,6286
3026,56014,6296
3027,56029,6309
3028,65007,6425
3029,75403,6577
3030,79004,6604
3031,79029,6622
3032,82014,5213
3033,25003,4774
3034,28046,4891
3035,36007,6636
3036,37036,4914
3037,38027,4946
3038,38043,4958
3039,48021,5018
3040,49008,5041
3041,02040,3884
3042,02053,3897
3043,02300,3888
3044,51001,3576
3045,58008,5139
3046,13019,3463
3047,11013,5095
3048,13035,4178
3049,13044,4186
3050,81010,5190
3051,16300,3652
3052,98030,5163
3053,01003,3842
3054,01303,7030
3055,01304,7032
3056,33026,4609
3057,35023,4660
3058,14RA15PM01,1025
3059,14XL36PM01,1021
3060,60048,5494
3061,35059,7060
3062,PM41453,6823
3063,15XC54PM01,6853
3064,60041,5487
3065,87004,5339
3066,87015,5348
3067,21033,4453
3068,33020,4603
3069,13025,7041
3070,33034,4617
3071,95006,5003
3072,95031,5013
3073,26004,4811
3074,95034,5015
3075,87031,9943
3076,18006,4384
3077,22012,9963
3078,65018,6496
3079,16028,3730
3080,43019,5430
3081,60057,5500
3082,61043,5555
3083,61062,5573
3084,61086,5593
3085,62017,5632
3086,90008,4693
3087,90018,4697
3088,93002,4719
3089,97013,5770
3090,40019,5799
3091,41001,5812
3092,41023,5833
3093,41034,5843
3094,42017,5885
3095,44037,5935
3096,46010,6018
3097,PM104431,6658
3098,46411,6056
3099,52407,6129
3100,53410,6188
3101,57005,6336
3102,57012,6927
3103,59016,6370
3104,64003,6390
3105,65053,6460
3106,71034,6533
3107,75003,6561
3108,79001,6601
3109,25037,4802
3110,26029,4836
3111,28035,4884
3112,36020,4864
3113,38005,4926
3114,38025,4944
3115,38039,4956
3116,48019,5016
3117,02064,3433
3118,02304,7034
3119,08005,4006
3120,10024,4068
3121,14017,4213
3122,14031,4230
3123,35019,4656
3124,35032,4669
3125,35015,3502
3126,10035,7054
3127,59002,6356
3128,14040,3670
3129,14500,7133
3130,95016,5019
3131,95017,5021
3132,98011,4921
3133,17307,7063
3134,18008,4386
3135,18302,4398
3136,21027,4449
3137,03FT52PM01,1009
3138,12NC07PM01,6877
3139,08012,4012
3140,60047,5493
3141,60051,5495
3142,15RV50PM01,6851
3143,17001,4337
3144,08003,4004
3145,63035,5722
3146,86009,5312
3147,02018,3870
3148,91014,9896
3149,93032,9911
3150,47027,6088
3151,45407,6000
3152,67042,9951
3153,32052,4582
3154,60003,3423
3155,42030,5896
3156,62006,5623
3157,62047,3667
3158,63054,5741
3159,63057,3455
3160,97042,3618
3161,41003,3587
3162,44019,5923
3163,44038,5936
3164,45018,5964
3165,52409,6131
3166,53012,6143
3167,05013,3941
3168,56018,6300
3169,59006,6360
3170,66012,6478
3171,67022,6439
3172,70008,6499
3173,70013,6503
3174,79041,9875
3175,82416,5211
3176,89007,5379
3177,25001,4773
3178,25033,4798
3179,27036,4853
3180,38013,4934
3181,38015,3768
3182,39009,4963
3183,02062,3905
3184,51004,5101
3185,08017,4016
3186,58001,5132
3187,10023,4067
3188,80005,5152
3189,80301,9833
3190,14035,4235
3191,15307,7090
3192,13041,4183
3193,84003,5238
3194,84007,5299
3195,84041,9851
3196,29002,5405
3197,35052,4683
3198,35044,4678
3199,14XC71PM01,7119
3200,PM22781,3599
3201,10033,4077
3202,13727,7138
3203,61049,5561
3204,94018,5399
3205,94019,5400
3206,91003,5745
3207,31013,4506
3208,32019,4559
3209,84027,5262
3210,PM10344,6653
3211,31039,3638
3212,64032,6415
3213,96019,5064
3214,23007,3469
3215,49022,5054
3216,55061,6925
3217,29021,9917
3218,49011,5044
3219,46402,6047
3220,74014,9957
3221,57023,10002
3222,79051,6610
3223,16013,4291
3224,61039,5551
3225,61047,5559
3226,41041,5849
3227,41401,3429
3228,45046,5990
3229,46006,6014
3230,PM10711,6666
3231,PM10865,3493
3232,PM20232,6718
3233,46026,6033
3234,47013,6074
3235,54012,3695
3236,54018,6206
3237,54026,6213
3238,55025,6242
3239,56021,6302
3240,59008,6362
3241,59015,6369
3242,65009,6427
3243,71015,6516
3244,79040,9873
3245,88008,5364
3246,26010,4820
3247,49035,5061
3248,51020,5119
3249,12013,4120
3250,80026,5169
3251,14016,4212
3252,13049,4189
3253,14022,4218
3254,15301,4272
3255,16302,4334
3256,85009,5283
3257,21002,4427
3258,21012,4435
3259,31063,4539
3260,30026,7059
3261,02009,3864
3262,33038,4621
3263,35048,3443
3264,14XL89PM01,7121
3265,97408,7099
3266,PM43221,6933
3267,11033,4104
3268,PM30462,3539
3269,47042,6101
3270,PM20831,6743
3271,02024,3876
3272,19005,4407
3273,23011,3395
3274,32037,4571
3275,34004,4624
3276,18RV21PM01,3546
3277,09014,4030
3278,30007,4481
3279,62046,5662
3280,02003,3858
3281,16040,4312
3282,31028,5142
3283,43026,5437
3284,97301,7062
3285,48006,4777
3286,42401,3712
3287,84048,9978
3288,30037,4329
3289,30038,4330
3290,43030,5441
3291,60038,5484
3292,61051,5562
3293,44003,5909
3294,61076,7089
3295,61112,5616
3296,63020,5707
3297,63059,5742
3298,91002,5744
3299,97002,5762
3300,40006,5788
3301,40018,5798
3302,41006,5816
3303,PM12211,6692
3304,53046,6172
3305,53048,6174
3306,53402,6180
3307,54017,3783
3308,55005,6225
3309,55008,6228
3310,55041,6255
3311,56015,6297
3312,56030,6310
3313,56402,6326
3314,57020,6928
3315,65031,6442
3316,67007,3809
3317,70007,3812
3318,75002,6560
3319,76005,6965
3320,26005,4812
3321,27028,4845
3322,27032,4849
3323,27035,4852
3324,27037,4854
3325,27039,4856
3326,38049,9879
3327,39016,4970
3328,39047,4993
3329,49003,3572
3330,49023,5055
3331,02500,7036
3332,50034,5098
3333,06010,3956
3334,13008,4159
3335,14032,4231
3336,15019,4257
3337,16058,5117
3338,17025,4357
3339,16036,4308
3340,19011,4413
3341,30025,7058
3342,33029,4612
3343,67028,6990
3344,15RR22PM01,1037
3345,15RV01PM01,6862
3346,PM23181,6776
3347,87025,7107
3348,61099,5605
3349,98031,5162
3350,03TL77PM01,6908
3351,45049,5993
3352,15XL49PM01,6854
3353,98001,5025
3354,16RC01PM01,1040
3355,60042,5488
3356,PM20471,6729
3357,21031,4451
3358,87007,5342
3359,14012,3722
3360,33002,4586
3361,86012,5315
3362,61028,5540
3363,71033,6532
3364,51006,5105
3365,24041,4771
3366,67039,9955
3367,77408,6591
3368,62001,9991
3369,16019,4297
3370,31017,4510
3371,62069,5681
3372,63034,5721
3373,63701,7140
3374,90022,4701
3375,91008,5750
3376,93019,4736
3377,97005,5765
3378,97025,5775
3379,97054,7079
3380,97596,7074
3381,41012,5822
3382,55033,6248
3383,41045,5853
3384,44017,3594
3385,44018,5922
3386,44034,5932
3387,45001,5947
3388,PM10471,6661
3389,PM10662,6665
3390,PM13041,6706
3391,PM20042,6714
3392,46040,6045
3393,46409,6054
3394,46414,6059
3395,66014,6480
3396,53031,6160
3397,54020,6208
3398,55404,6274
3399,56036,6316
3400,56403,6327
3401,56407,6331
3402,59025,6378
3403,59030,3792
3404,65049,6458
3405,74006,6553
3406,75006,6564
3407,79030,6623
3408,24006,4743
3409,36003,6632
3410,36009,6638
3411,36011,4879
3412,49017,5050
3413,02061,3904
3414,04009,3915
3415,06024,3964
3416,11014,5096
3417,14034,4234
3418,14038,4238
3419,15302,4273
3420,17024,4356
3421,84036,5271
3422,21018,4440
3423,21013,3622
3424,35001,4648
3425,35017,3504
3426,15RN03PM01,1034
3427,PM43202,6810
3428,95025,5031
3429,PM41881,6943
3430,02023,3875
3431,19002,4404
3432,31012,4505
3433,01010,3849
3434,93010,4727
3435,96300,3635
3436,35056,4686
3437,32018,4558
3438,86016,5320
3439,11041,4232
3440,16063,3650
3441,63041,5728
3442,87035,9988
3443,30401,4331
3444,30403,10000
3445,60035,5481
3446,60067,5509
3447,60072,5512
3448,61015,5529
3449,61030,5542
3450,61083,5591
3451,61085,5592
3452,62030,5646
3453,62062,5675
3454,63050,5737
3455,97034,3500
3456,97060,4135
3457,97099,7004
3458,41031,5840
3459,44023,3645
3460,PM107631,6668
3461,PM11102,6681
3462,PM12981,6703
3463,53036,6164
3464,55411,6281
3465,56037,6317
3466,56038,6318
3467,59019,6373
3468,67027,6986
3469,75021,3723
3470,28017,4871
3471,36018,4862
3472,39006,3480
3473,39017,4971
3474,39021,4974
3475,39039,4986
3476,13021,4167
3477,10017,4063
3478,11015,4086
3479,13009,3653
3480,80003,3770
3481,13043,4185
3482,13048,4188
3483,81014,5194
3484,84015,3688
3485,16057,5116
3486,16064,3651
3487,16048,4319
3488,21004,4429
3489,31055,4533
3490,66006,6472
3491,14RL30PM01,1024
3492,PM22641,6770
3493,46021,6028
3494,15303,4274
3495,98032,5161
3496,PM41891,6952
3497,18021,4394
3498,19008,4410
3499,97303,4277
3500,09XC09PM01,6898
3501,10NC76PM01,6891
3502,PM40752,7131
3503,PM10092,6643
3504,09029,4043
3505,98009,4920
3506,76004,6963
3507,17RA10PM01,1038
3508,PM40902,6792
3509,60040,5486
3510,83402,9835
3511,PM22571,3597
3512,31005,4498
3513,29013,9909
3514,93039,9973
3515,94025,10016
3516,61008,5522
3517,61024,5537
3518,42403,3714
3519,44007,5913
3520,61116,5620
3521,62002,3453
3522,45041,5986
3523,97040,3707
3524,41005,5815
3525,41035,5844
3526,41047,5855
3527,44020,5924
3528,45032,5977
3529,PM20021,6713
3530,PM20151,6715
3531,47032,6093
3532,53002,6134
3533,55009,6229
3534,PM20233,6719
3535,55050,6262
3536,64009,6396
3537,64022,6407
3538,75011,6569
3539,79024,6618
3540,82015,5214
3541,88001,5357
3542,24007,4744
3543,24016,3567
3544,24036,4766
3545,25011,4781
3546,25019,4785
3547,36008,6637
3548,39051,4997
3549,02037,3603
3550,51023,5122
3551,13026,4172
3552,84004,5239
3553,84018,5252
3554,20001,4419
3555,35057,4687
3556,15RM58PM01,6855
3557,PM22572,6816
3558,33019,4602
3559,11035,4105
3560,PM20971,6753
3561,95020,5023
3562,74013,6558
3563,18010,4387
3564,22009,4462
3565,31006,4499
3566,01008,3847
3567,04020,3926
3568,15014,4254
3569,76002,6582
3570,PM10441,6656
3571,01002,3841
3572,87002,5337
3573,17005,4341
3574,86015,5319
3575,20006,4422
3576,61033,5545
3577,67032,9948
3578,48004,4775
3579,18014,7067
3580,18023,5130
3581,93040,9976
3582,73004,3814
3583,94024,10014
3584,61021,3486
3585,61034,5546
3586,93004,4721
3587,97032,5780
3588,97058,4139
3589,97067,4485
3590,97069,4487
3591,97105,4056
3592,97106,4051
3593,40008,5790
3594,41049,5857
3595,44030,5928
3596,45039,5984
3597,PM11201,6685
3598,PM12391,6695
3599,79023,3459
3600,05017,3945
3601,56033,6313
3602,64007,6394
3603,65019,6434
3604,70002,6496
3605,71021,3698
3606,74008,6554
3607,75408,6958
3608,76008,6964
3609,79018,6614
3610,82409,5226
3611,25027,4793
3612,02041,3885
3613,02055,3899
3614,04014,3920
3615,51016,5113
3616,10025,4069
3617,14036,4236
3618,15002,4243
3619,81018,5198
3620,16054,4325
3621,22303,4468
3622,98029,3641
3623,01007,3846
3624,02001,3856
3625,02007,3862
3626,33031,4614
3627,PM20873,6748
3628,15RU11PM01,1035
3629,10014,4062
3630,11029,4100
3631,PM30461,3837
3632,13059,5103
3633,PM21181,6758
3634,98035,5176
3635,04FT74PM01,1006
3636,31010,4503
3637,02052,3896
3638,32026,4563
3639,PM40753,3827
3640,86022,5325
3641,86025,3749
3642,60036,5482
3643,PM41853,7012
3644,96004,3633
3645,16005,4283
3646,19015,4416
3647,32300,4584
3648,79404,6629
3649,47022,6083
3650,53405,6183
3651,67405,3780
3652,67038,9953
3653,67040,9954
3654,11040,4109
3655,90023,9970
3656,97011,5768
3657,43033,5444
3658,43035,5446
3659,60016,5463
3660,60034,5480
3661,60061,5504
3662,42405,5902
3663,61095,5601
3664,62058,5672
3665,62084,5694
3666,97017,4472
3667,41011,5821
3668,41016,5826
3669,41048,5856
3670,44033,5931
3671,PM10831,3815
3672,PM11108,6682
3673,PM11303,6688
3674,52406,3781
3675,54019,6207
3676,55004,6224
3677,PM33151,6785
3678,32007,4549
3679,55064,6998
3680,64020,6405
3681,64023,6408
3682,69002,6492
3683,71020,6520
3684,75001,6559
3685,37039,4917
3686,38036,4954
3687,39041,4988
3688,81017,5197
3689,31034,4519
3690,35037,3416
3691,15RH53PM01,1033
3692,41054,5862
3693,PM23222,6935
3694,07011,3613
3695,10006,4054
3696,11024,4095
3697,18011,4388
3698,18022,4395
3699,21028,4450
3700,12006,4113
3701,12008,4115
3702,84026,5261
3703,15NC71PM01,6849
3704,PM41261,3761
3705,35038,4672
3706,17003,4339
3707,14018,4214
3708,93034,9898
3709,93023,9886
3710,93021,9884
3711,79405,6630
3712,84045,9940
3713,70408,3814
3714,77407,6590
3715,68009,9982
3716,94027,5390
3717,16009,4287
3718,31016,4509
3719,31022,3473
3720,61014,5528
3721,62015,5630
3722,62065,5677
3723,63014,5702
3724,63031,5718
3725,63046,5733
3726,63049,5736
3727,40003,5785
3728,40007,5789
3729,40015,3755
3730,41013,5823
3731,44043,5941
3732,45009,5955
3733,45015,5961
3734,45044,5989
3735,PM10562,6663
3736,PM11168,6684
3737,PM11301,6687
3738,PM12572,6815
3739,PM13101,6708
3740,46030,6037
3741,47412,6112
3742,53028,6158
3743,60063,5506
3744,56022,6303
3745,56404,6328
3746,65016,6432
3747,67005,6217
3748,70019,9854
3749,75013,6570
3750,24013,4750
3751,24024,4757
3752,38007,4928
3753,38018,4937
3754,38022,4941
3755,38030,4948
3756,38041,7006
3757,39023,4976
3758,39031,4979
3759,39035,4983
3760,39057,4999
3761,49005,5038
3762,02034,3880
3763,13020,3464
3764,12043,4149
3765,81006,5186
3766,13054,4194
3767,84020,5254
3768,17038,4369
3769,17029,4361
3770,34023,4638
3771,33033,4616
3772,35039,4673
3773,35040,4674
3774,06022,3962
3775,07005,3607
3776,63040,5727
3777,02017,4193
3778,90043,4717
3779,21024,4446
3780,98037,5172
3781,01301,7026
3782,35047,4680
3783,14NC96PM01,7145
3784,13056,4196
3785,04024,3929
3786,PM41301,3763
3787,87005,5340
3788,46012,6020
3789,66017,3760
3790,83404,6506
3791,86037,5158
3792,60062,5505
3793,60087,3450
3794,61007,5521
3795,44002,5908
3796,44008,5914
3797,61103,5609
3798,61114,5618
3799,62012,5627
3800,62036,3790
3801,62049,5663
3802,90017,3478
3803,97030,5778
3804,40017,5797
3805,40023,5803
3806,44012,5918
3807,44013,5919
3808,45050,5999
3809,PM10472,6662
3810,47012,6073
3811,53007,6138
3812,98021,3637
3813,55044,6256
3814,56025,6305
3815,57008,6339
3816,71404,6540
3817,75004,6562
3818,79009,3519
3819,82001,5199
3820,82027,5230
3821,25020,4786
3822,25023,4789
3823,25031,4797
3824,26020,4829
3825,39008,4962
3826,06027,3967
3827,06023,3963
3828,58002,5133
3829,84300,5273
3830,22300,4465
3831,23015,7019
3832,98013,6830
3833,34030,4642
3834,02015,3869
3835,34002,3739
3836,02049,5073
3837,11003,4080
3838,11004,4081
3839,53413,6191
3840,PM10442,6657
3841,14009,4207
3842,60049,3743
3843,61006,5520
3844,86032,5333
3845,96036,3551
3846,05007,3935
3847,18016,4391
3848,98003,5027
3849,PM20742,6739
3850,87009,5344
3851,33013,4597
3852,62034,5650
3853,31027,4516
3854,35042,4676
3855,43021,5432
3856,86007,5310
3857,86010,5313
3858,86026,5328
3859,86031,5332
3860,43031,5442
3861,93020,9883
3862,51029,5111
3863,23017,9962
3864,60059,5502
3865,61119,7088
3866,62019,5634
3867,62022,5637
3868,62026,5641
3869,63038,5725
3870,63045,5732
3871,97021,5772
3872,97066,3471
3873,97403,5782
3874,45002,5948
3875,45045,3647
3876,57015,3832
3877,46013,6021
3878,PM107641,6669
3879,52007,6119
3880,52014,6125
3881,53027,6157
3882,55001,6221
3883,05022,3948
3884,55039,6253
3885,65030,6441
3886,67013,6120
3887,71001,3664
3888,73404,6544
3889,75020,6956
3890,78005,3509
3891,89009,5381
3892,27031,4848
3893,27033,4850
3894,28016,4870
3895,28045,3419
3896,37014,4901
3897,37037,4915
3898,38016,4935
3899,38031,4949
3900,48004,5004
3901,49001,3447
3902,49030,3686
3903,02060,3903
3904,06033,3973
3905,58007,5138
3906,58010,5141
3907,10030,4074
3908,14037,4237
3909,84005,5297
3910,23002,3716
3911,31059,4537
3912,32031,4567
3913,34036,4646
3914,33039,4622
3915,34003,3740
3916,35061,7078
3917,02050,5074
3918,35025,4662
3919,PM23187,6931
3920,08013,4013
3921,11019,4090
3922,PM21192,6761
3923,94005,3484
3924,71024,6523
3925,01021,3855
3926,32014,9882
3927,30020,4490
3928,60045,5491
3929,96038,5125
3930,14RA02PM01,6869
3931,02025,3877
3932,16RE18PM01,1039
3933,87006,5341
3934,14004,4202
3935,12XC06PM01,6876
3936,86013,5316
3937,12017,4124
3938,09033,4047
3939,PM11208,6686
3940,87020,5351
3941,16033,4305
3942,48001,4773
3943,73406,6546
3944,77401,6584
3945,90024,9971
3946,30031,7103
3947,30035,5117
